customer_segment,recommended_product,customers,avg_score,expected_value,avg_p_conversion,avg_p_responsible
High-value,Payroll-linked Credit,30,507.11342748525954,35700.0,0.6155608855590219,0.6942254065801692
Digital-first,Payroll-linked Credit,11,542.4382271463892,13090.0,0.6789050052605465,0.6716611684345002
New customer,Payroll-linked Credit,5,469.3224860595171,5950.0,0.5858755742795447,0.6744965598042467
Mass market,Payroll-linked Credit,2,462.0257461755234,2380.0,0.6643422114971098,0.5855602789210463
Mature relationship,Payroll-linked Credit,2,467.11691639214825,2380.0,0.6881784568950917,0.570475013843182
